{
    "DupExcludeQC": {
        "Coverage": {
            "10000XTargetRegionCoverage": 0.0,
            "1000XTargetRegionCoverage": 0.0,
            "100XTargetRegionCoverage": 0.1819065636659835,
            "1XTargetRegionCoverage": 0.499185453781071,
            "20000XTargetRegionCoverage": 0.0,
            "2000XTargetRegionCoverage": 0.0,
            "200XTargetRegionCoverage": 0.05446949393031689,
            "20XTargetRegionCoverage": 0.3198276315098008,
            "30000XTargetRegionCoverage": 0.0,
            "3000XTargetRegionCoverage": 0.0,
            "300XTargetRegionCoverage": 0.010431446739187555,
            "30XTargetRegionCoverage": 0.30561248620526565,
            "50000XTargetRegionCoverage": 0.0,
            "5000XTargetRegionCoverage": 0.0,
            "500XTargetRegionCoverage": 0.0,
            "50XTargetRegionCoverage": 0.26798570602764205,
            "8000XTargetRegionCoverage": 0.0
        },
        "EffectiveBases": 4656060,
        "EffectiveBasesRate": 82.30323046622694,
        "EffectiveReads": 35163,
        "EffectiveReadsRate": 87.64019739793629,
        "InsertSize": "197.174383±67.446275",
        "MismatchBases": 24747,
        "MismatchBasesRate": 0.4374423964355524,
        "OnTargetBases": 1570390,
        "OnTargetBasesRate": 27.75912898284346,
        "OnTargetMismatches": 3233,
        "OnTargetMismatchesRate": 0.2058724265946676,
        "OnTargetReads": 11444,
        "OnTargetReadsRate": 28.52300483525248,
        "PassedLowQCReads": 35163,
        "PassedLowQCReadsRate": 87.64019739793629,
        "ReadLength": 141,
        "RegionSize": 38058,
        "TotalReads": 40122,
        "UniqMappedReads": 6711,
        "UniqMappedReadsRate": 16.726484223119485
    },
    "DupIncludedQC": {
        "Coverage": {
            "10000XTargetRegionCoverage": 0.0,
            "1000XTargetRegionCoverage": 0.0,
            "100XTargetRegionCoverage": 0.19444006516369752,
            "1XTargetRegionCoverage": 0.499185453781071,
            "20000XTargetRegionCoverage": 0.0,
            "2000XTargetRegionCoverage": 0.0,
            "200XTargetRegionCoverage": 0.07619948499658416,
            "20XTargetRegionCoverage": 0.32253402701140366,
            "30000XTargetRegionCoverage": 0.0,
            "3000XTargetRegionCoverage": 0.0,
            "300XTargetRegionCoverage": 0.017762362709548583,
            "30XTargetRegionCoverage": 0.30753061117242103,
            "50000XTargetRegionCoverage": 0.0,
            "5000XTargetRegionCoverage": 0.0,
            "500XTargetRegionCoverage": 0.0,
            "50XTargetRegionCoverage": 0.2726365021808818,
            "8000XTargetRegionCoverage": 0.0
        },
        "EffectiveBases": 4953346,
        "EffectiveBasesRate": 83.04206097574061,
        "EffectiveReads": 37345,
        "EffectiveReadsRate": 88.27770423600604,
        "InsertSize": "198.015039±67.416615",
        "MismatchBases": 25621,
        "MismatchBasesRate": 0.4295320060943552,
        "OnTargetBases": 1745265,
        "OnTargetBasesRate": 29.259091238291436,
        "OnTargetMismatches": 3517,
        "OnTargetMismatchesRate": 0.20151667511810528,
        "OnTargetReads": 12723,
        "OnTargetReadsRate": 30.075170196671706,
        "PassedLowQCReads": 37345,
        "PassedLowQCReadsRate": 88.27770423600604,
        "ReadLength": 141,
        "RegionSize": 38058,
        "TotalReads": 42304,
        "UniqMappedReads": 7489,
        "UniqMappedReadsRate": 17.702817700453856
    }
}