{
    "DupExcludeQC": {
        "Coverage": {
            "10000XTargetRegionCoverage": 0.0617066353326568,
            "1000XTargetRegionCoverage": 0.21965853050615108,
            "100XTargetRegionCoverage": 0.3128237996047642,
            "1XTargetRegionCoverage": 0.35651337926614324,
            "20000XTargetRegionCoverage": 0.030782104007548647,
            "2000XTargetRegionCoverage": 0.17785611280243552,
            "200XTargetRegionCoverage": 0.2897505741601239,
            "20XTargetRegionCoverage": 0.3352204952909968,
            "30000XTargetRegionCoverage": 0.016592782495682672,
            "3000XTargetRegionCoverage": 0.1430682404885257,
            "300XTargetRegionCoverage": 0.2783563887553633,
            "30XTargetRegionCoverage": 0.3298616674678203,
            "50000XTargetRegionCoverage": 0.001424273175595079,
            "5000XTargetRegionCoverage": 0.10169310473748865,
            "500XTargetRegionCoverage": 0.25325357403550003,
            "50XTargetRegionCoverage": 0.3221705923196069,
            "8000XTargetRegionCoverage": 0.07666150367640513
        },
        "EffectiveBases": 439317560,
        "EffectiveBasesRate": 0.9530981385082051,
        "EffectiveReads": 3147285,
        "EffectiveReadsRate": 0.9627515866985291,
        "InsertSize": "223.926136±75.577775",
        "MismatchBases": 2639519,
        "MismatchBasesRate": 0.005726428612270903,
        "OnTargetBases": 115339230,
        "OnTargetBasesRate": 0.2502281161034622,
        "OnTargetMismatches": 674788,
        "OnTargetMismatchesRate": 0.0058504638881324246,
        "OnTargetReads": 870318,
        "OnTargetReadsRate": 0.26622947570121247,
        "PassedLowQCReads": 3147285,
        "PassedLowQCReadsRate": 0.9627515866985291,
        "ReadLength": 141,
        "RegionSize": 56169,
        "TotalReads": 3269052,
        "UniqMappedReads": 726874,
        "UniqMappedReadsRate": 0.2223500880377553
    },
    "DupIncludedQC": {
        "Coverage": {
            "10000XTargetRegionCoverage": 0.1111111111111111,
            "1000XTargetRegionCoverage": 0.2514554291513112,
            "100XTargetRegionCoverage": 0.3157435596147341,
            "1XTargetRegionCoverage": 0.35651337926614324,
            "20000XTargetRegionCoverage": 0.0713738895120084,
            "2000XTargetRegionCoverage": 0.22021043636169418,
            "200XTargetRegionCoverage": 0.304776656162652,
            "20XTargetRegionCoverage": 0.33582581139062473,
            "30000XTargetRegionCoverage": 0.04548772454556784,
            "3000XTargetRegionCoverage": 0.20059107336787196,
            "300XTargetRegionCoverage": 0.2951628122273852,
            "30XTargetRegionCoverage": 0.33055600064092294,
            "50000XTargetRegionCoverage": 0.026936566433441934,
            "5000XTargetRegionCoverage": 0.1668001922768787,
            "500XTargetRegionCoverage": 0.2769321155797682,
            "50XTargetRegionCoverage": 0.3254998308675604,
            "8000XTargetRegionCoverage": 0.12611938969894426
        },
        "EffectiveBases": 791228089,
        "EffectiveBasesRate": 0.9694070920476378,
        "EffectiveReads": 5666871,
        "EffectiveReadsRate": 0.9789644818003821,
        "InsertSize": "217.610936±69.928535",
        "MismatchBases": 3505791,
        "MismatchBasesRate": 0.004295270486329739,
        "OnTargetBases": 257205820,
        "OnTargetBasesRate": 0.31512676242201526,
        "OnTargetMismatches": 941762,
        "OnTargetMismatchesRate": 0.0036615112364098137,
        "OnTargetReads": 1934736,
        "OnTargetReadsRate": 0.3342299172966076,
        "PassedLowQCReads": 5666871,
        "PassedLowQCReadsRate": 0.9789644818003821,
        "ReadLength": 141,
        "RegionSize": 56169,
        "TotalReads": 5788638,
        "UniqMappedReads": 1283480,
        "UniqMappedReadsRate": 0.22172400485226404
    },
    "Software": {
        "CWD": "/share/Oncology/VanNul/work/fusion0518/output/07.bamqc",
        "Command": "/share/work1/wulj/programs/bin//bamqc -b /share/Oncology/VanNul/work/fusion0518/output/06.markdup/PWX0515R505_B24.mkdup.sort.bam -r /share/work1/wulj/database/regfile/gset19.bed -o /share/Oncology/VanNul/work/fusion0518/output/07.bamqc/ -p PWX0515R505_B24 ",
        "Version": "0.0.0"
    }
}